{
	"credit": "Made with Blockbench",
	"texture_size": [64, 64],
	"textures": {
		"1": "custom/weapons/chainsaw",
		"particle": "custom/weapons/chainsaw"
	},
	"elements": [
		{
			"from": [9.75, 4, -15.5],
			"to": [9.75, 8, 2.5],
			"rotation": {"angle": 0, "axis": "y", "origin": [2, -3.5, -8.5]},
			"faces": {
				"north": {"uv": [0, 0, 0, 1], "texture": "#1"},
				"east": {"uv": [0, 2.5, 4.5, 3.5], "texture": "#1"},
				"south": {"uv": [0, 0, 0, 1], "texture": "#1"},
				"west": {"uv": [0, 3.5, 4.5, 4.5], "texture": "#1"},
				"up": {"uv": [0, 4.5, 0, 0], "texture": "#1"},
				"down": {"uv": [0, 0, 0, 4.5], "texture": "#1"}
			}
		},
		{
			"from": [10.25, 4, -15.5],
			"to": [10.25, 8, 2.5],
			"rotation": {"angle": 0, "axis": "y", "origin": [2, -3.5, -8.5]},
			"faces": {
				"north": {"uv": [0, 0, 0, 1], "texture": "#1"},
				"east": {"uv": [0, 4.5, 4.5, 5.5], "texture": "#1"},
				"south": {"uv": [0, 0, 0, 1], "texture": "#1"},
				"west": {"uv": [4.5, 2.5, 9, 3.5], "texture": "#1"},
				"up": {"uv": [0, 4.5, 0, 0], "texture": "#1"},
				"down": {"uv": [0, 0, 0, 4.5], "texture": "#1"}
			}
		},
		{
			"from": [10, 3.5, -16],
			"to": [10, 8.5, 3],
			"rotation": {"angle": 0, "axis": "y", "origin": [2, -3.5, -8.5]},
			"faces": {
				"north": {"uv": [0, 0, 0, 1.25], "texture": "#1"},
				"east": {"uv": [0, 0, 4.75, 1.25], "texture": "#1"},
				"south": {"uv": [0, 0, 0, 1.25], "texture": "#1"},
				"west": {"uv": [0, 1.25, 4.75, 2.5], "texture": "#1"},
				"up": {"uv": [0, 4.75, 0, 0], "texture": "#1"},
				"down": {"uv": [0, 0, 0, 4.75], "texture": "#1"}
			}
		},
		{
			"from": [9.6, 5, -0.5],
			"to": [10.6, 7, 1.5],
			"rotation": {"angle": -22.5, "axis": "x", "origin": [10, 6, 0.5]},
			"faces": {
				"north": {"uv": [6.25, 0.75, 6.5, 1.25], "texture": "#1"},
				"east": {"uv": [7.25, 6.5, 7.75, 7], "texture": "#1"},
				"south": {"uv": [7.75, 0, 8, 0.5], "texture": "#1"},
				"west": {"uv": [7.25, 7, 7.75, 7.5], "texture": "#1"},
				"up": {"uv": [4, 8.25, 3.75, 7.75], "texture": "#1"},
				"down": {"uv": [4.25, 7.75, 4, 8.25], "texture": "#1"}
			}
		},
		{
			"from": [9.50901, 3.46295, 3.29506],
			"to": [10.48901, 8.46295, 5.29506],
			"rotation": {"angle": -22.5, "axis": "x", "origin": [9.00901, 2.96295, 2.79506]},
			"faces": {
				"north": {"uv": [1.75, 7.25, 2, 8.5], "texture": "#1"},
				"east": {"uv": [6, 1.25, 6.5, 2.5], "texture": "#1"},
				"south": {"uv": [2, 7.25, 2.25, 8.5], "texture": "#1"},
				"west": {"uv": [6, 3.5, 6.5, 4.75], "texture": "#1"},
				"up": {"uv": [4.5, 8.25, 4.25, 7.75], "texture": "#1"},
				"down": {"uv": [4.75, 7.75, 4.5, 8.25], "texture": "#1"}
			}
		},
		{
			"from": [9.5, 4, -2],
			"to": [9.5, 8, 3],
			"rotation": {"angle": 0, "axis": "y", "origin": [2, -3.5, -8]},
			"faces": {
				"north": {"uv": [0, 0, 0, 1], "texture": "#1"},
				"east": {"uv": [4.75, 1.25, 6, 2.25], "texture": "#1"},
				"south": {"uv": [0, 0, 0, 1], "texture": "#1"},
				"west": {"uv": [4.5, 4.75, 5.75, 5.75], "texture": "#1"},
				"up": {"uv": [0, 1.25, 0, 0], "texture": "#1"},
				"down": {"uv": [0, 0, 0, 1.25], "texture": "#1"}
			}
		},
		{
			"from": [9.5, 8, -2],
			"to": [10.5, 9, 3],
			"rotation": {"angle": 0, "axis": "y", "origin": [2, -3.5, -8]},
			"faces": {
				"north": {"uv": [4.25, 5.5, 4.5, 5.75], "texture": "#1"},
				"east": {"uv": [4.75, 2.25, 6, 2.5], "texture": "#1"},
				"south": {"uv": [4, 6.75, 4.25, 7], "texture": "#1"},
				"west": {"uv": [2.25, 7.25, 3.5, 7.5], "texture": "#1"},
				"up": {"uv": [7.5, 4.75, 7.25, 3.5], "texture": "#1"},
				"down": {"uv": [7.5, 4.75, 7.25, 6], "texture": "#1"}
			}
		},
		{
			"from": [5.5, 5, 3.31125],
			"to": [6.5, 8, 6.31125],
			"rotation": {"angle": 0, "axis": "y", "origin": [2, -3.5, -7.25]},
			"faces": {
				"north": {"uv": [7.5, 5, 7.75, 5.75], "texture": "#1"},
				"east": {"uv": [5.75, 6, 6.5, 6.75], "texture": "#1"},
				"south": {"uv": [7.25, 7.5, 7.5, 8.25], "texture": "#1"},
				"west": {"uv": [6.25, 0, 7, 0.75], "texture": "#1"},
				"up": {"uv": [7.75, 8.25, 7.5, 7.5], "texture": "#1"},
				"down": {"uv": [3.75, 7.75, 3.5, 8.5], "texture": "#1"}
			}
		},
		{
			"from": [6, 5, 3.31125],
			"to": [6, 10, 6.31125],
			"rotation": {"angle": 0, "axis": "y", "origin": [2, -3.5, -7.1275]},
			"faces": {
				"north": {"uv": [0, 0, 0, 1.25], "texture": "#1"},
				"east": {"uv": [3.5, 5.5, 4.25, 6.75], "texture": "#1"},
				"south": {"uv": [0, 0, 0, 1.25], "texture": "#1"},
				"west": {"uv": [4.25, 5.75, 5, 7], "texture": "#1"},
				"up": {"uv": [0, 0.75, 0, 0], "texture": "#1"},
				"down": {"uv": [0, 0, 0, 0.75], "texture": "#1"}
			}
		},
		{
			"from": [6.5, 4, 1.5],
			"to": [9.5, 9, 7.5],
			"rotation": {"angle": 0, "axis": "y", "origin": [2, -3.5, -7.5]},
			"faces": {
				"north": {"uv": [5.75, 4.75, 6.5, 6], "texture": "#1"},
				"east": {"uv": [4.5, 3.5, 6, 4.75], "texture": "#1"},
				"south": {"uv": [5, 5.75, 5.75, 7], "texture": "#1"},
				"west": {"uv": [4.75, 0, 6.25, 1.25], "texture": "#1"},
				"up": {"uv": [0.75, 7, 0, 5.5], "texture": "#1"},
				"down": {"uv": [1.5, 5.5, 0.75, 7], "texture": "#1"}
			}
		},
		{
			"from": [6.5152, 7, 4.5],
			"to": [9.4852, 9, 7.5],
			"rotation": {"angle": 22.5, "axis": "x", "origin": [8.0002, 9, 7.5]},
			"faces": {
				"north": {"uv": [6.5, 5, 7.25, 5.5], "texture": "#1"},
				"east": {"uv": [6.5, 5.5, 7.25, 6], "texture": "#1"},
				"south": {"uv": [6.5, 6, 7.25, 6.5], "texture": "#1"},
				"west": {"uv": [6.5, 6.5, 7.25, 7], "texture": "#1"},
				"up": {"uv": [7.25, 1.5, 6.5, 0.75], "texture": "#1"},
				"down": {"uv": [2.25, 6.5, 1.5, 7.25], "texture": "#1"}
			}
		},
		{
			"from": [7, 8.5, 5],
			"to": [9, 9.5, 7],
			"rotation": {"angle": 22.5, "axis": "x", "origin": [8.0002, 9, 7.5]},
			"faces": {
				"north": {"uv": [7.5, 5.75, 8, 6], "texture": "#1"},
				"east": {"uv": [4.75, 7.75, 5.25, 8], "texture": "#1"},
				"south": {"uv": [7.75, 5, 8.25, 5.25], "texture": "#1"},
				"west": {"uv": [7.75, 5.25, 8.25, 5.5], "texture": "#1"},
				"up": {"uv": [0.5, 8, 0, 7.5], "texture": "#1"},
				"down": {"uv": [1, 7.5, 0.5, 8], "texture": "#1"}
			}
		},
		{
			"from": [6.5, 4, -0.5],
			"to": [9.5, 7, 1.5],
			"rotation": {"angle": 0, "axis": "y", "origin": [2, -3.5, -7.5]},
			"faces": {
				"north": {"uv": [6.5, 1.5, 7.25, 2.25], "texture": "#1"},
				"east": {"uv": [3, 6.5, 3.5, 7.25], "texture": "#1"},
				"south": {"uv": [2.25, 6.5, 3, 7.25], "texture": "#1"},
				"west": {"uv": [3.5, 6.75, 4, 7.5], "texture": "#1"},
				"up": {"uv": [6.5, 7.25, 5.75, 6.75], "texture": "#1"},
				"down": {"uv": [0.75, 7, 0, 7.5], "texture": "#1"}
			}
		},
		{
			"from": [6.52, 7, -1.32843],
			"to": [9.49, 9, 1.5],
			"rotation": {"angle": -45, "axis": "x", "origin": [8.005, 9, 1.5]},
			"faces": {
				"north": {"uv": [7, 0, 7.75, 0.5], "texture": "#1"},
				"east": {"uv": [0.75, 7, 1.5, 7.5], "texture": "#1"},
				"south": {"uv": [4, 7, 4.75, 7.5], "texture": "#1"},
				"west": {"uv": [4.75, 7, 5.5, 7.5], "texture": "#1"},
				"up": {"uv": [7.25, 4.25, 6.5, 3.5], "texture": "#1"},
				"down": {"uv": [7.25, 4.25, 6.5, 5], "texture": "#1"}
			}
		},
		{
			"from": [7.02, 6.75, -0.07843],
			"to": [9.02, 8.75, 1.92157],
			"rotation": {"angle": 0, "axis": "y", "origin": [8.005, 9, 1.5]},
			"faces": {
				"north": {"uv": [7.5, 0.75, 8, 1.25], "texture": "#1"},
				"east": {"uv": [1, 7.5, 1.5, 8], "texture": "#1"},
				"south": {"uv": [7.5, 1.25, 8, 1.75], "texture": "#1"},
				"west": {"uv": [7.5, 1.75, 8, 2.25], "texture": "#1"},
				"up": {"uv": [2.75, 8, 2.25, 7.5], "texture": "#1"},
				"down": {"uv": [3.25, 7.5, 2.75, 8], "texture": "#1"}
			}
		},
		{
			"from": [6, 4.25, 6.75],
			"to": [10, 8.25, 7.75],
			"rotation": {"angle": 0, "axis": "y", "origin": [0.5, -3.25, -7]},
			"faces": {
				"north": {"uv": [1.5, 5.5, 2.5, 6.5], "texture": "#1"},
				"east": {"uv": [6.25, 7.25, 6.5, 8.25], "texture": "#1"},
				"south": {"uv": [2.5, 5.5, 3.5, 6.5], "texture": "#1"},
				"west": {"uv": [3.25, 7.5, 3.5, 8.5], "texture": "#1"},
				"up": {"uv": [4.5, 7.75, 3.5, 7.5], "texture": "#1"},
				"down": {"uv": [8.5, 3.5, 7.5, 3.75], "texture": "#1"}
			}
		},
		{
			"from": [8, 6.5, 7.05],
			"to": [8, 8.5, 9.05],
			"rotation": {"angle": 0, "axis": "y", "origin": [0.5, -3.25, -5.5]},
			"faces": {
				"north": {"uv": [0, 0, 0, 0.5], "texture": "#1"},
				"east": {"uv": [7.5, 3.75, 8, 4.25], "texture": "#1"},
				"south": {"uv": [0, 0, 0, 0.5], "texture": "#1"},
				"west": {"uv": [7.5, 4.25, 8, 4.75], "texture": "#1"},
				"up": {"uv": [0, 0.5, 0, 0], "texture": "#1"},
				"down": {"uv": [0, 0, 0, 0.5], "texture": "#1"}
			}
		},
		{
			"from": [7.5, 4.25, 7.25],
			"to": [8.5, 5.25, 12.25],
			"rotation": {"angle": 0, "axis": "y", "origin": [0.5, -3.75, -7]},
			"faces": {
				"north": {"uv": [7.75, 5.5, 8, 5.75], "texture": "#1"},
				"east": {"uv": [7.25, 6, 8.5, 6.25], "texture": "#1"},
				"south": {"uv": [0.25, 8, 0.5, 8.25], "texture": "#1"},
				"west": {"uv": [7.25, 6.25, 8.5, 6.5], "texture": "#1"},
				"up": {"uv": [6, 8.5, 5.75, 7.25], "texture": "#1"},
				"down": {"uv": [6.25, 7.25, 6, 8.5], "texture": "#1"}
			}
		},
		{
			"from": [7.5, 5.25, 11.25],
			"to": [8.5, 6.75, 12.25],
			"rotation": {"angle": 0, "axis": "y", "origin": [0.5, -2.75, -7]},
			"faces": {
				"north": {"uv": [5.25, 7.75, 5.5, 8.25], "texture": "#1"},
				"east": {"uv": [7.75, 6.5, 8, 7], "texture": "#1"},
				"south": {"uv": [7.75, 7, 8, 7.5], "texture": "#1"},
				"west": {"uv": [7.75, 7.5, 8, 8], "texture": "#1"},
				"up": {"uv": [0.75, 8.25, 0.5, 8], "texture": "#1"},
				"down": {"uv": [1, 8, 0.75, 8.25], "texture": "#1"}
			}
		},
		{
			"from": [7.5, 7.75909, 6.64963],
			"to": [8.5, 8.75909, 12.64963],
			"rotation": {"angle": 22.5, "axis": "x", "origin": [8, 8.75909, 7.39963]},
			"faces": {
				"north": {"uv": [8, 0.75, 8.25, 1], "texture": "#1"},
				"east": {"uv": [6.5, 2.25, 8, 2.5], "texture": "#1"},
				"south": {"uv": [1, 8, 1.25, 8.25], "texture": "#1"},
				"west": {"uv": [7, 0.5, 8.5, 0.75], "texture": "#1"},
				"up": {"uv": [5.75, 8.5, 5.5, 7], "texture": "#1"},
				"down": {"uv": [6.75, 7, 6.5, 8.5], "texture": "#1"}
			}
		},
		{
			"from": [7.5, 7.89705, 8.97836],
			"to": [8.5, 7.89705, 10.97836],
			"rotation": {"angle": 0, "axis": "y", "origin": [8, 7.89705, 8.22836]},
			"faces": {
				"north": {"uv": [0, 0, 0.25, 0], "texture": "#1"},
				"east": {"uv": [0, 0, 0.5, 0], "texture": "#1"},
				"south": {"uv": [0, 0, 0.25, 0], "texture": "#1"},
				"west": {"uv": [0, 0, 0.5, 0], "texture": "#1"},
				"up": {"uv": [0.25, 8.5, 0, 8], "texture": "#1"},
				"down": {"uv": [8.25, 0, 8, 0.5], "texture": "#1"}
			}
		},
		{
			"from": [9.999, 11.11732, 2.07612],
			"to": [10, 11.501, 3],
			"rotation": {"angle": 0, "axis": "y", "origin": [9.999, 11.501, 2.42388]},
			"faces": {
				"north": {"uv": [0, 0, 0, 0.25], "texture": "#1"},
				"east": {"uv": [8, 1, 8.25, 1.25], "texture": "#1"},
				"south": {"uv": [0, 0, 0, 0.25], "texture": "#1"},
				"west": {"uv": [1.25, 8, 1.5, 8.25], "texture": "#1"},
				"up": {"uv": [0, 0.25, 0, 0], "texture": "#1"},
				"down": {"uv": [0, 0, 0, 0.25], "texture": "#1"}
			}
		},
		{
			"from": [10, 6, 2],
			"to": [10, 11.5, 3],
			"rotation": {"angle": -22.5, "axis": "x", "origin": [10, 11.5, 3]},
			"faces": {
				"north": {"uv": [0, 0, 0, 1.5], "texture": "#1"},
				"east": {"uv": [6.75, 7, 7, 8.5], "texture": "#1"},
				"south": {"uv": [0, 0, 0, 1.5], "texture": "#1"},
				"west": {"uv": [7, 7, 7.25, 8.5], "texture": "#1"},
				"up": {"uv": [0, 0.25, 0, 0], "texture": "#1"},
				"down": {"uv": [0, 0, 0, 0.25], "texture": "#1"}
			}
		},
		{
			"from": [6, 5.501, 2.07612],
			"to": [6, 11.501, 3],
			"rotation": {"angle": 0, "axis": "y", "origin": [0, -3.499, -6.5]},
			"faces": {
				"north": {"uv": [0, 0, 0, 1.5], "texture": "#1"},
				"east": {"uv": [7.25, 0.75, 7.5, 2.25], "texture": "#1"},
				"south": {"uv": [0, 0, 0, 1.5], "texture": "#1"},
				"west": {"uv": [1.5, 7.25, 1.75, 8.75], "texture": "#1"},
				"up": {"uv": [0, 0.25, 0, 0], "texture": "#1"},
				"down": {"uv": [0, 0, 0, 0.25], "texture": "#1"}
			}
		},
		{
			"from": [6, 11.5, 2.07612],
			"to": [10, 11.5, 3],
			"rotation": {"angle": 0, "axis": "y", "origin": [0, -3.5, -6.5]},
			"faces": {
				"north": {"uv": [0, 0, 1, 0], "texture": "#1"},
				"east": {"uv": [0, 0, 0.25, 0], "texture": "#1"},
				"south": {"uv": [0, 0, 1, 0], "texture": "#1"},
				"west": {"uv": [0, 0, 0.25, 0], "texture": "#1"},
				"up": {"uv": [5.5, 7.75, 4.5, 7.5], "texture": "#1"},
				"down": {"uv": [8.5, 4.75, 7.5, 5], "texture": "#1"}
			}
		},
		{
			"name": "cube inverted",
			"from": [10.5, 9, 3],
			"to": [9.5, 8, -2],
			"rotation": {"angle": 0, "axis": "y", "origin": [2, -3.5, -8]},
			"faces": {
				"north": {"uv": [4, 7, 4.25, 6.75], "texture": "#1"},
				"east": {"uv": [2.25, 7.5, 3.5, 7.25], "texture": "#1"},
				"south": {"uv": [4.25, 5.75, 4.5, 5.5], "texture": "#1"},
				"west": {"uv": [4.75, 2.5, 6, 2.25], "texture": "#1"},
				"up": {"uv": [7.25, 4.75, 7.5, 6], "texture": "#1"},
				"down": {"uv": [7.25, 4.75, 7.5, 3.5], "texture": "#1"}
			}
		},
		{
			"name": "cube inverted",
			"from": [10.48901, 8.46295, 5.29506],
			"to": [9.50901, 3.46295, 3.29506],
			"rotation": {"angle": -22.5, "axis": "x", "origin": [9.00901, 2.96295, 2.79506]},
			"faces": {
				"north": {"uv": [2, 8.5, 2.25, 7.25], "texture": "#1"},
				"east": {"uv": [6, 4.75, 6.5, 3.5], "texture": "#1"},
				"south": {"uv": [1.75, 8.5, 2, 7.25], "texture": "#1"},
				"west": {"uv": [6, 2.5, 6.5, 1.25], "texture": "#1"},
				"up": {"uv": [4.5, 7.75, 4.75, 8.25], "texture": "#1"},
				"down": {"uv": [4.25, 8.25, 4.5, 7.75], "texture": "#1"}
			}
		}
	],
	"display": {
		"thirdperson_righthand": {
			"rotation": [90, 0, 0]
		},
		"thirdperson_lefthand": {
			"rotation": [90, 0, 0]
		},
		"ground": {
			"translation": [0, 0, 8]
		},
		"gui": {
			"rotation": [-9, 145, 0],
			"translation": [5, 0, 0]
		},
		"head": {
			"translation": [-3.25, 5.5, 9.75],
			"scale": [1.6, 1.6, 1.6]
		}
	},
	"groups": [
		{
			"name": "group",
			"origin": [8, 8, 8],
			"color": 0,
			"children": [0, 1, 2, 3, 4, 5, 6, 7, 8, 9, 10, 11, 12, 13, 14, 15, 16, 17, 18, 19, 20, 21, 22, 23, 24, 25, 26]
		}
	]
}