{
	"credit": "Made with Blockbench",
	"texture_size": [32, 32],
	"textures": {
		"1": "custom/weapons/desert_eagle"
	},
	"elements": [
		{
			"from": [7, 8.5, 7.5],
			"to": [9, 10.5, 10.5],
			"rotation": {"angle": 0, "axis": "y", "origin": [8, 8.5, 8]},
			"faces": {
				"north": {"uv": [3, 5.5, 4, 6.5], "texture": "#1"},
				"east": {"uv": [3, 3, 4.5, 4], "texture": "#1"},
				"south": {"uv": [5, 5.5, 6, 6.5], "texture": "#1"},
				"west": {"uv": [4, 0, 5.5, 1], "texture": "#1"},
				"up": {"uv": [3, 5.5, 2, 4], "texture": "#1"},
				"down": {"uv": [4, 4, 3, 5.5], "texture": "#1"}
			}
		},
		{
			"from": [7, 8.5, 1.5],
			"to": [9, 9.5, 7.5],
			"rotation": {"angle": 0, "axis": "y", "origin": [8, 8.5, 8]},
			"faces": {
				"north": {"uv": [6, 6.5, 7, 7], "texture": "#1"},
				"east": {"uv": [4, 1, 7, 1.5], "texture": "#1"},
				"south": {"uv": [7, 1, 8, 1.5], "texture": "#1"},
				"west": {"uv": [4, 1.5, 7, 2], "texture": "#1"},
				"up": {"uv": [1, 3, 0, 0], "texture": "#1"},
				"down": {"uv": [2, 0, 1, 3], "texture": "#1"}
			}
		},
		{
			"from": [7.5, 9, 1.449],
			"to": [8.5, 10, 1.449],
			"rotation": {"angle": 0, "axis": "y", "origin": [8, 9.5, 1.449]},
			"faces": {
				"north": {"uv": [0, 8, 0.5, 8.5], "texture": "#1"},
				"east": {"uv": [0, 0, 0, 0.5], "texture": "#1"},
				"south": {"uv": [0.5, 8, 1, 8.5], "texture": "#1"},
				"west": {"uv": [0, 0, 0, 0.5], "texture": "#1"},
				"up": {"uv": [0.5, 0, 0, 0], "texture": "#1"},
				"down": {"uv": [0.5, 0, 0, 0], "texture": "#1"}
			}
		},
		{
			"from": [7.5, 7, 6.5],
			"to": [8.5, 8, 8.5],
			"rotation": {"angle": 0, "axis": "y", "origin": [8, 8.5, 8]},
			"faces": {
				"north": {"uv": [5, 7.5, 5.5, 8], "texture": "#1"},
				"east": {"uv": [7, 5.5, 8, 6], "texture": "#1"},
				"south": {"uv": [5.5, 7.5, 6, 8], "texture": "#1"},
				"west": {"uv": [6, 7, 7, 7.5], "texture": "#1"},
				"up": {"uv": [7.5, 7, 7, 6], "texture": "#1"},
				"down": {"uv": [7.5, 7, 7, 8], "texture": "#1"}
			}
		},
		{
			"from": [8, 7, 7.5],
			"to": [8, 8, 8.5],
			"rotation": {"angle": 0, "axis": "y", "origin": [8, 8.5, 8]},
			"faces": {
				"north": {"uv": [0, 0, 0, 0.5], "texture": "#1"},
				"east": {"uv": [7.5, 7, 8, 7.5], "texture": "#1"},
				"south": {"uv": [0, 0, 0, 0.5], "texture": "#1"},
				"west": {"uv": [7.5, 7.5, 8, 8], "texture": "#1"},
				"up": {"uv": [0, 0.5, 0, 0], "texture": "#1"},
				"down": {"uv": [0, 0, 0, 0.5], "texture": "#1"}
			}
		},
		{
			"from": [7.5, 8, 2],
			"to": [8.5, 9, 9],
			"rotation": {"angle": 0, "axis": "y", "origin": [8, 8.5, 8]},
			"faces": {
				"north": {"uv": [6, 7.5, 6.5, 8], "texture": "#1"},
				"east": {"uv": [3, 2, 6.5, 2.5], "texture": "#1"},
				"south": {"uv": [7.5, 6, 8, 6.5], "texture": "#1"},
				"west": {"uv": [3, 2.5, 6.5, 3], "texture": "#1"},
				"up": {"uv": [1.5, 6.5, 1, 3], "texture": "#1"},
				"down": {"uv": [2, 3, 1.5, 6.5], "texture": "#1"}
			}
		},
		{
			"from": [7.5, 9.5, 1.501],
			"to": [8.5, 10.5, 7.5],
			"rotation": {"angle": 0, "axis": "y", "origin": [8, 10, 4]},
			"faces": {
				"north": {"uv": [7.5, 2, 8, 2.5], "texture": "#1"},
				"east": {"uv": [4, 4, 7, 4.5], "texture": "#1"},
				"south": {"uv": [7.5, 2.5, 8, 3], "texture": "#1"},
				"west": {"uv": [4.5, 3, 7.5, 3.5], "texture": "#1"},
				"up": {"uv": [4.5, 7.5, 4, 4.5], "texture": "#1"},
				"down": {"uv": [5, 4.5, 4.5, 7.5], "texture": "#1"}
			}
		},
		{
			"from": [8, 9.75, 2],
			"to": [8, 10.75, 3],
			"rotation": {"angle": 22.5, "axis": "x", "origin": [8, 10.25, 2.5]},
			"faces": {
				"north": {"uv": [0, 0, 0, 0.5], "texture": "#1"},
				"east": {"uv": [6.5, 7.5, 7, 8], "texture": "#1"},
				"south": {"uv": [0, 0, 0, 0.5], "texture": "#1"},
				"west": {"uv": [7.5, 6.5, 8, 7], "texture": "#1"},
				"up": {"uv": [0, 0.5, 0, 0], "texture": "#1"},
				"down": {"uv": [0, 0, 0, 0.5], "texture": "#1"}
			}
		},
		{
			"from": [7.5, 9.25, 1.502],
			"to": [8.5, 10.5, 7.5],
			"rotation": {"angle": 22.5, "axis": "z", "origin": [8.5, 10.5, 4]},
			"faces": {
				"north": {"uv": [3.5, 7.5, 4, 8], "texture": "#1"},
				"east": {"uv": [4.5, 3.5, 7.5, 4], "texture": "#1"},
				"south": {"uv": [7.5, 3.5, 8, 4], "texture": "#1"},
				"west": {"uv": [5, 4.5, 8, 5], "texture": "#1"},
				"up": {"uv": [0.5, 8, 0, 5], "texture": "#1"},
				"down": {"uv": [1, 5, 0.5, 8], "texture": "#1"}
			}
		},
		{
			"from": [7.5, 9.25, 1.502],
			"to": [8.5, 10.5, 7.5],
			"rotation": {"angle": -22.5, "axis": "z", "origin": [7.5, 10.5, 4]},
			"faces": {
				"north": {"uv": [4, 7.5, 4.5, 8], "texture": "#1"},
				"east": {"uv": [5, 5, 8, 5.5], "texture": "#1"},
				"south": {"uv": [4.5, 7.5, 5, 8], "texture": "#1"},
				"west": {"uv": [5.5, 0, 8.5, 0.5], "texture": "#1"},
				"up": {"uv": [2.5, 8.5, 2, 5.5], "texture": "#1"},
				"down": {"uv": [3, 5.5, 2.5, 8.5], "texture": "#1"}
			}
		},
		{
			"from": [7.01, 8.5, 9.5],
			"to": [8.99, 10.5, 10.5],
			"rotation": {"angle": -22.5, "axis": "x", "origin": [8, 10.5, 10.5]},
			"faces": {
				"north": {"uv": [6, 5.5, 7, 6.5], "texture": "#1"},
				"east": {"uv": [5, 6.5, 5.5, 7.5], "texture": "#1"},
				"south": {"uv": [1, 6.5, 2, 7.5], "texture": "#1"},
				"west": {"uv": [5.5, 6.5, 6, 7.5], "texture": "#1"},
				"up": {"uv": [6.5, 1, 5.5, 0.5], "texture": "#1"},
				"down": {"uv": [7.5, 0.5, 6.5, 1], "texture": "#1"}
			}
		},
		{
			"from": [7.01, 8.65124, 11.26537],
			"to": [8.99, 8.65124, 12.26537],
			"rotation": {"angle": 0, "axis": "y", "origin": [8, 10.65124, 11.26537]},
			"faces": {
				"north": {"uv": [0, 0, 1, 0], "texture": "#1"},
				"east": {"uv": [0, 0, 0.5, 0], "texture": "#1"},
				"south": {"uv": [0, 0, 1, 0], "texture": "#1"},
				"west": {"uv": [0, 0, 0.5, 0], "texture": "#1"},
				"up": {"uv": [8, 2, 7, 1.5], "texture": "#1"},
				"down": {"uv": [8, 4, 7, 4.5], "texture": "#1"}
			}
		},
		{
			"from": [8, 8.90124, 10.26537],
			"to": [8, 10.15124, 11.26537],
			"rotation": {"angle": 22.5, "axis": "x", "origin": [8, 9.15124, 10.76537]},
			"rotated": [22.5, -2.77749, -1.42445],
			"faces": {
				"north": {"uv": [0, 0, 0, 0.5], "texture": "#1"},
				"east": {"uv": [3, 7.5, 3.5, 8], "texture": "#1"},
				"south": {"uv": [0, 0, 0, 0.5], "texture": "#1"},
				"west": {"uv": [7.5, 3, 8, 3.5], "texture": "#1"},
				"up": {"uv": [0, 0.5, 0, 0], "texture": "#1"},
				"down": {"uv": [0, 0, 0, 0.5], "texture": "#1"}
			}
		},
		{
			"from": [7.01, 5.5, 7.5],
			"to": [8.99, 9.5, 9.5],
			"rotation": {"angle": -22.5, "axis": "x", "origin": [8, 10.5, 10.5]},
			"faces": {
				"north": {"uv": [2, 0, 3, 2], "texture": "#1"},
				"east": {"uv": [2, 2, 3, 4], "texture": "#1"},
				"south": {"uv": [0, 3, 1, 5], "texture": "#1"},
				"west": {"uv": [3, 0, 4, 2], "texture": "#1"},
				"up": {"uv": [7.5, 3, 6.5, 2], "texture": "#1"},
				"down": {"uv": [4, 6.5, 3, 7.5], "texture": "#1"}
			}
		},
		{
			"from": [7.01, 5.5, 6.5],
			"to": [8.99, 5.5, 7.5],
			"rotation": {"angle": -22.5, "axis": "x", "origin": [8, 10.5, 10.5]},
			"faces": {
				"north": {"uv": [0, 0, 1, 0], "texture": "#1"},
				"east": {"uv": [0, 0, 0.5, 0], "texture": "#1"},
				"south": {"uv": [0, 0, 1, 0], "texture": "#1"},
				"west": {"uv": [0, 0, 0.5, 0], "texture": "#1"},
				"up": {"uv": [8.5, 1, 7.5, 0.5], "texture": "#1"},
				"down": {"uv": [2, 7.5, 1, 8], "texture": "#1"}
			}
		},
		{
			"name": "cube inverted",
			"from": [8.5, 8, 8.5],
			"to": [7.5, 7, 6.5],
			"rotation": {"angle": 0, "axis": "y", "origin": [8, 8.5, 8]},
			"faces": {
				"north": {"uv": [5.5, 8, 6, 7.5], "texture": "#1"},
				"east": {"uv": [6, 7.5, 7, 7], "texture": "#1"},
				"south": {"uv": [5, 8, 5.5, 7.5], "texture": "#1"},
				"west": {"uv": [7, 6, 8, 5.5], "texture": "#1"},
				"up": {"uv": [7, 7, 7.5, 8], "texture": "#1"},
				"down": {"uv": [7, 7, 7.5, 6], "texture": "#1"}
			}
		}
	],
	"display": {
		"firstperson_righthand": {
			"translation": [0, 3, 0]
		},
		"firstperson_lefthand": {
			"translation": [0, 3, 0]
		},
		"gui": {
			"rotation": [160, 35, -180]
		}
	},
	"groups": [
		{
			"name": "desert_eagle",
			"origin": [8, 5, 11],
			"color": 0,
			"children": [0, 1, 2, 3, 4, 5, 6, 7, 8, 9, 10, 11, 12, 13, 14, 15]
		}
	]
}