{
	"credit": "Made with Blockbench",
	"texture_size": [32, 32],
	"textures": {
		"2": "custom/weapons/mace",
		"particle": "custom/weapons/mace"
	},
	"elements": [
		{
			"from": [8, 23, 6],
			"to": [8, 25, 8],
			"rotation": {"angle": 45, "axis": "x", "origin": [8, 23, 8]},
			"faces": {
				"north": {"uv": [0, 0, 0, 1], "texture": "#2"},
				"east": {"uv": [7.5, 7, 8.5, 8], "texture": "#2"},
				"south": {"uv": [0, 0, 0, 1], "texture": "#2"},
				"west": {"uv": [8, 0, 9, 1], "texture": "#2"},
				"up": {"uv": [0, 1, 0, 0], "texture": "#2"},
				"down": {"uv": [0, 0, 0, 1], "texture": "#2"}
			}
		},
		{
			"from": [8, 23, 8],
			"to": [10, 25, 8],
			"rotation": {"angle": 45, "axis": "z", "origin": [8, 23, 8]},
			"faces": {
				"north": {"uv": [8, 1, 9, 2], "texture": "#2"},
				"east": {"uv": [0, 0, 0, 1], "texture": "#2"},
				"south": {"uv": [8, 2, 9, 3], "texture": "#2"},
				"west": {"uv": [0, 0, 0, 1], "texture": "#2"},
				"up": {"uv": [1, 0, 0, 0], "texture": "#2"},
				"down": {"uv": [1, 0, 0, 0], "texture": "#2"}
			}
		},
		{
			"from": [6.5, 18, 6.5],
			"to": [9.5, 23, 9.5],
			"rotation": {"angle": 0, "axis": "y", "origin": [8, 20.5, 8]},
			"faces": {
				"north": {"uv": [4, 5, 5.5, 7.5], "texture": "#2"},
				"east": {"uv": [5.5, 5, 7, 7.5], "texture": "#2"},
				"south": {"uv": [6, 0, 7.5, 2.5], "texture": "#2"},
				"west": {"uv": [6, 2.5, 7.5, 5], "texture": "#2"},
				"up": {"uv": [2.5, 9, 1, 7.5], "texture": "#2"},
				"down": {"uv": [4, 7.5, 2.5, 9], "texture": "#2"}
			}
		},
		{
			"from": [8.5, 18, 8],
			"to": [12.5, 23, 8],
			"rotation": {"angle": -22.5, "axis": "z", "origin": [9.5, 23, 8]},
			"faces": {
				"north": {"uv": [0, 0, 2, 2.5], "texture": "#2"},
				"east": {"uv": [0, 0, 0, 2.5], "texture": "#2"},
				"south": {"uv": [2, 0, 4, 2.5], "texture": "#2"},
				"west": {"uv": [0, 0, 0, 2.5], "texture": "#2"},
				"up": {"uv": [2, 0, 0, 0], "texture": "#2"},
				"down": {"uv": [2, 0, 0, 0], "texture": "#2"}
			}
		},
		{
			"from": [8, 18, 3.5],
			"to": [8, 23, 7.5],
			"rotation": {"angle": -22.5, "axis": "x", "origin": [8, 23, 6.5]},
			"faces": {
				"north": {"uv": [0, 0, 0, 2.5], "texture": "#2"},
				"east": {"uv": [0, 2.5, 2, 5], "texture": "#2"},
				"south": {"uv": [0, 0, 0, 2.5], "texture": "#2"},
				"west": {"uv": [2, 2.5, 4, 5], "texture": "#2"},
				"up": {"uv": [0, 2, 0, 0], "texture": "#2"},
				"down": {"uv": [0, 0, 0, 2], "texture": "#2"}
			}
		},
		{
			"from": [3.5, 18, 8],
			"to": [7.5, 23, 8],
			"rotation": {"angle": 22.5, "axis": "z", "origin": [6.5, 23, 8]},
			"faces": {
				"north": {"uv": [4, 0, 6, 2.5], "texture": "#2"},
				"east": {"uv": [0, 0, 0, 2.5], "texture": "#2"},
				"south": {"uv": [4, 2.5, 6, 5], "texture": "#2"},
				"west": {"uv": [0, 0, 0, 2.5], "texture": "#2"},
				"up": {"uv": [2, 0, 0, 0], "texture": "#2"},
				"down": {"uv": [2, 0, 0, 0], "texture": "#2"}
			}
		},
		{
			"from": [8, 18, 8.5],
			"to": [8, 23, 12.5],
			"rotation": {"angle": 22.5, "axis": "x", "origin": [8, 23, 9.5]},
			"faces": {
				"north": {"uv": [0, 0, 0, 2.5], "texture": "#2"},
				"east": {"uv": [0, 5, 2, 7.5], "texture": "#2"},
				"south": {"uv": [0, 0, 0, 2.5], "texture": "#2"},
				"west": {"uv": [2, 5, 4, 7.5], "texture": "#2"},
				"up": {"uv": [0, 2, 0, 0], "texture": "#2"},
				"down": {"uv": [0, 0, 0, 2], "texture": "#2"}
			}
		},
		{
			"from": [7, 15, 7],
			"to": [9, 18, 9],
			"rotation": {"angle": 0, "axis": "y", "origin": [7.5, 16, 6.5]},
			"faces": {
				"north": {"uv": [4, 7.5, 5, 9], "texture": "#2"},
				"east": {"uv": [5, 7.5, 6, 9], "texture": "#2"},
				"south": {"uv": [7.5, 5.5, 8.5, 7], "texture": "#2"},
				"west": {"uv": [6, 7.5, 7, 9], "texture": "#2"},
				"up": {"uv": [9, 4, 8, 3], "texture": "#2"},
				"down": {"uv": [9, 4, 8, 5], "texture": "#2"}
			}
		},
		{
			"from": [7.5, 4, 7.5],
			"to": [8.5, 15, 8.5],
			"rotation": {"angle": 0, "axis": "y", "origin": [8, 13.5, 8]},
			"faces": {
				"north": {"uv": [7, 5, 7.5, 10.5], "texture": "#2"},
				"east": {"uv": [0, 7.5, 0.5, 13], "texture": "#2"},
				"south": {"uv": [7.5, 0, 8, 5.5], "texture": "#2"},
				"west": {"uv": [0.5, 7.5, 1, 13], "texture": "#2"},
				"up": {"uv": [8.5, 5.5, 8, 5], "texture": "#2"},
				"down": {"uv": [1.5, 9, 1, 9.5], "texture": "#2"}
			}
		},
		{
			"from": [7, 2, 7],
			"to": [9, 4, 9],
			"rotation": {"angle": 45, "axis": "z", "origin": [8, 3, 8]},
			"faces": {
				"north": {"uv": [7.5, 8, 8.5, 9], "texture": "#2"},
				"east": {"uv": [8.5, 5, 9.5, 6], "texture": "#2"},
				"south": {"uv": [8.5, 6, 9.5, 7], "texture": "#2"},
				"west": {"uv": [8.5, 7, 9.5, 8], "texture": "#2"},
				"up": {"uv": [9.5, 9, 8.5, 8], "texture": "#2"},
				"down": {"uv": [10, 0, 9, 1], "texture": "#2"}
			}
		}
	],
	"display": {
		"thirdperson_righthand": {
			"rotation": [0, 45, 0],
			"translation": [0, 0, 1]
		},
		"thirdperson_lefthand": {
			"rotation": [0, 45, 0],
			"translation": [0, 0, 1]
		},
		"gui": {
			"rotation": [0, 31, -28],
			"translation": [-1.5, -4.5, 0],
			"scale": [0.85, 0.85, 0.85]
		}
	},
	"groups": [
		{
			"name": "mace",
			"origin": [8, 16.5, 9.5],
			"color": 0,
			"children": [0, 1, 2, 3, 4, 5, 6, 7, 8, 9]
		}
	]
}