{
	"credit": "Made with Blockbench",
	"texture_size": [32, 32],
	"textures": {
		"2": "custom/weapons/sword_3",
		"particle": "custom/weapons/sword_3"
	},
	"elements": [
		{
			"from": [7.5, 3.5, 7.5],
			"to": [8.5, 8.5, 8.5],
			"rotation": {"angle": 45, "axis": "y", "origin": [8, 6.5, 8]},
			"faces": {
				"north": {"uv": [4, 8, 4.5, 10.5], "texture": "#2"},
				"east": {"uv": [0, 8.5, 0.5, 11], "texture": "#2"},
				"south": {"uv": [0.5, 8.5, 1, 11], "texture": "#2"},
				"west": {"uv": [1, 8.5, 1.5, 11], "texture": "#2"},
				"up": {"uv": [7.5, 9.5, 7, 9], "texture": "#2"},
				"down": {"uv": [11, 0.5, 10.5, 1], "texture": "#2"}
			}
		},
		{
			"from": [7, 8.5, 6.5],
			"to": [9, 10.5, 9.5],
			"rotation": {"angle": -45, "axis": "z", "origin": [8, 9.5, 8]},
			"faces": {
				"north": {"uv": [1.5, 8.5, 2.5, 9.5], "texture": "#2"},
				"east": {"uv": [2.5, 8, 4, 9], "texture": "#2"},
				"south": {"uv": [8.5, 8, 9.5, 9], "texture": "#2"},
				"west": {"uv": [8, 5, 9.5, 6], "texture": "#2"},
				"up": {"uv": [9, 7.5, 8, 6], "texture": "#2"},
				"down": {"uv": [8.5, 8, 7.5, 9.5], "texture": "#2"}
			}
		},
		{
			"from": [7, 2, 7],
			"to": [9, 4, 9],
			"rotation": {"angle": -45, "axis": "z", "origin": [8, 3, 8]},
			"faces": {
				"north": {"uv": [2.5, 9, 3.5, 10], "texture": "#2"},
				"east": {"uv": [5, 9, 6, 10], "texture": "#2"},
				"south": {"uv": [6, 9, 7, 10], "texture": "#2"},
				"west": {"uv": [9, 6, 10, 7], "texture": "#2"},
				"up": {"uv": [9.5, 10, 8.5, 9], "texture": "#2"},
				"down": {"uv": [10.5, 0, 9.5, 1], "texture": "#2"}
			}
		},
		{
			"from": [5.5, 8.5, 7],
			"to": [10.5, 10.5, 9],
			"rotation": {"angle": 0, "axis": "y", "origin": [8, 9.5, 8]},
			"faces": {
				"north": {"uv": [5, 7.5, 7.5, 8.5], "texture": "#2"},
				"east": {"uv": [9.5, 1, 10.5, 2], "texture": "#2"},
				"south": {"uv": [8, 2, 10.5, 3], "texture": "#2"},
				"west": {"uv": [1.5, 9.5, 2.5, 10.5], "texture": "#2"},
				"up": {"uv": [10.5, 4, 8, 3], "texture": "#2"},
				"down": {"uv": [10.5, 4, 8, 5], "texture": "#2"}
			}
		},
		{
			"from": [10.5, 8.5, 7.5],
			"to": [12.5, 10.5, 8.5],
			"rotation": {"angle": -45, "axis": "z", "origin": [10.5, 10.5, 8]},
			"faces": {
				"north": {"uv": [9.5, 5, 10.5, 6], "texture": "#2"},
				"east": {"uv": [2.5, 10, 3, 11], "texture": "#2"},
				"south": {"uv": [7, 9.5, 8, 10.5], "texture": "#2"},
				"west": {"uv": [3, 10, 3.5, 11], "texture": "#2"},
				"up": {"uv": [11, 6.5, 10, 6], "texture": "#2"},
				"down": {"uv": [11, 6.5, 10, 7], "texture": "#2"}
			}
		},
		{
			"from": [10, 7.5, 8],
			"to": [15, 12.5, 8],
			"rotation": {"angle": -45, "axis": "z", "origin": [10.5, 10.5, 8]},
			"faces": {
				"north": {"uv": [5, 0, 7.5, 2.5], "texture": "#2"},
				"east": {"uv": [0, 0, 0, 2.5], "texture": "#2"},
				"south": {"uv": [5, 2.5, 7.5, 5], "texture": "#2"},
				"west": {"uv": [0, 0, 0, 2.5], "texture": "#2"},
				"up": {"uv": [2.5, 0, 0, 0], "texture": "#2"},
				"down": {"uv": [2.5, 0, 0, 0], "texture": "#2"}
			}
		},
		{
			"from": [3.5, 8.5, 7.5],
			"to": [5.5, 10.5, 8.5],
			"rotation": {"angle": 45, "axis": "z", "origin": [5.5, 10.5, 8]},
			"faces": {
				"north": {"uv": [9.5, 8, 10.5, 9], "texture": "#2"},
				"east": {"uv": [8.5, 10, 9, 11], "texture": "#2"},
				"south": {"uv": [9.5, 9, 10.5, 10], "texture": "#2"},
				"west": {"uv": [9, 10, 9.5, 11], "texture": "#2"},
				"up": {"uv": [10.5, 10.5, 9.5, 10], "texture": "#2"},
				"down": {"uv": [11.5, 0, 10.5, 0.5], "texture": "#2"}
			}
		},
		{
			"from": [1, 7.5, 8],
			"to": [6, 12.5, 8],
			"rotation": {"angle": 45, "axis": "z", "origin": [5.5, 10.5, 8]},
			"faces": {
				"north": {"uv": [5, 5, 7.5, 7.5], "texture": "#2"},
				"east": {"uv": [0, 0, 0, 2.5], "texture": "#2"},
				"south": {"uv": [0, 6, 2.5, 8.5], "texture": "#2"},
				"west": {"uv": [0, 0, 0, 2.5], "texture": "#2"},
				"up": {"uv": [2.5, 0, 0, 0], "texture": "#2"},
				"down": {"uv": [2.5, 0, 0, 0], "texture": "#2"}
			}
		},
		{
			"from": [5.5, 10.5, 7.5],
			"to": [10.5, 22.5, 8.5],
			"rotation": {"angle": 0, "axis": "y", "origin": [0, 10.5, 0]},
			"faces": {
				"north": {"uv": [0, 0, 2.5, 6], "texture": "#2"},
				"east": {"uv": [4.5, 6, 5, 12], "texture": "#2"},
				"south": {"uv": [2.5, 0, 5, 6], "texture": "#2"},
				"west": {"uv": [7.5, 2, 8, 8], "texture": "#2"},
				"up": {"uv": [10.5, 8, 8, 7.5], "texture": "#2"},
				"down": {"uv": [7.5, 8.5, 5, 9], "texture": "#2"}
			}
		},
		{
			"from": [6.96447, 22.5, 7.505],
			"to": [10.49997, 26.03553, 8.495],
			"rotation": {"angle": 45, "axis": "z", "origin": [10.5, 22.5, 8]},
			"faces": {
				"north": {"uv": [2.5, 6, 4.5, 8], "texture": "#2"},
				"east": {"uv": [3.5, 9, 4, 11], "texture": "#2"},
				"south": {"uv": [7.5, 0, 9.5, 2], "texture": "#2"},
				"west": {"uv": [8, 9.5, 8.5, 11.5], "texture": "#2"},
				"up": {"uv": [11, 7.5, 9, 7], "texture": "#2"},
				"down": {"uv": [7, 10, 5, 10.5], "texture": "#2"}
			}
		}
	],
	"display": {
		"thirdperson_righthand": {
			"rotation": [0, 90, 0],
			"translation": [0, 0, 2]
		},
		"thirdperson_lefthand": {
			"rotation": [0, 90, 0],
			"translation": [0, 0, 2]
		},
		"firstperson_righthand": {
			"rotation": [0, 90, 0]
		},
		"firstperson_lefthand": {
			"rotation": [0, 90, 0]
		},
		"gui": {
			"rotation": [0, 0, 45],
			"translation": [3.5, -3.75, 0]
		},
		"head": {
			"rotation": [0, 0, -180],
			"translation": [0, 29.5, 0],
			"scale": [1.625, 1.625, 1.625]
		}
	},
	"groups": [
		{
			"name": "sword",
			"origin": [10.5, 12, 8],
			"color": 0,
			"children": [
				0,
				1,
				2,
				3,
				4,
				5,
				6,
				7,
				{
					"name": "blade",
					"origin": [10.5, 12, 8],
					"color": 0,
					"children": [8, 9]
				}
			]
		}
	]
}