{
	"credit": "Made with Blockbench",
	"texture_size": [32, 32],
	"textures": {
		"1": "custom/weapons/viking_axe"
	},
	"elements": [
		{
			"from": [7.5, 2, 7.5],
			"to": [8.5, 16, 8.5],
			"rotation": {"angle": 45, "axis": "y", "origin": [8, 9, 8]},
			"faces": {
				"north": {"uv": [0, 4.5, 0.5, 11.5], "texture": "#1"},
				"east": {"uv": [0.5, 4.5, 1, 11.5], "texture": "#1"},
				"south": {"uv": [1, 4.5, 1.5, 11.5], "texture": "#1"},
				"west": {"uv": [1.5, 4.5, 2, 11.5], "texture": "#1"},
				"up": {"uv": [2.5, 6.5, 2, 6], "texture": "#1"},
				"down": {"uv": [6.5, 2, 6, 2.5], "texture": "#1"}
			}
		},
		{
			"from": [7, 12, 7],
			"to": [9, 15, 9],
			"rotation": {"angle": 45, "axis": "y", "origin": [8, 9, 8]},
			"faces": {
				"north": {"uv": [2, 4.5, 3, 6], "texture": "#1"},
				"east": {"uv": [3, 4.5, 4, 6], "texture": "#1"},
				"south": {"uv": [4, 4.5, 5, 6], "texture": "#1"},
				"west": {"uv": [5, 4.5, 6, 6], "texture": "#1"},
				"up": {"uv": [7, 1, 6, 0], "texture": "#1"},
				"down": {"uv": [7, 1, 6, 2], "texture": "#1"}
			}
		},
		{
			"from": [8, 7, 2],
			"to": [8, 16, 8],
			"rotation": {"angle": 0, "axis": "y", "origin": [8, 9, 8]},
			"faces": {
				"north": {"uv": [0, 0, 0, 4.5], "texture": "#1"},
				"east": {"uv": [0, 0, 3, 4.5], "texture": "#1"},
				"south": {"uv": [0, 0, 0, 4.5], "texture": "#1"},
				"west": {"uv": [3, 0, 6, 4.5], "texture": "#1"},
				"up": {"uv": [0, 3, 0, 0], "texture": "#1"},
				"down": {"uv": [0, 0, 0, 3], "texture": "#1"}
			}
		}
	],
	"display": {
		"thirdperson_righthand": {
			"translation": [0, 0, 1]
		}
	},
	"groups": [
		{
			"name": "axe",
			"origin": [0, 0, 0],
			"color": 0,
			"children": [0, 1, 2]
		}
	]
}