{
	"credit": "Made with Blockbench",
	"textures": {
		"1": "custom/weapons/wizard_wand_main",
		"2": "custom/weapons/wizard_wand_orb",
		"particle": "custom/weapons/wizard_wand_orb"
	},
	"elements": [
		{
			"from": [7.5, 2.5, 7.5],
			"to": [8.5, 18.5, 8.5],
			"rotation": {"angle": 0, "axis": "y", "origin": [0, 5.5, 0]},
			"faces": {
				"north": {"uv": [0, 0, 1, 16], "texture": "#1"},
				"east": {"uv": [1, 0, 2, 16], "texture": "#1"},
				"south": {"uv": [2, 0, 3, 16], "texture": "#1"},
				"west": {"uv": [3, 0, 4, 16], "texture": "#1"},
				"up": {"uv": [15, 5, 14, 4], "texture": "#1"},
				"down": {"uv": [15, 5, 14, 6], "texture": "#1"}
			}
		},
		{
			"from": [7, 0.5, 7],
			"to": [9, 2.5, 9],
			"rotation": {"angle": -45, "axis": "z", "origin": [8, 1.5, 8]},
			"faces": {
				"north": {"uv": [12, 0, 14, 2], "texture": "#1"},
				"east": {"uv": [12, 2, 14, 4], "texture": "#1"},
				"south": {"uv": [4, 12, 6, 14], "texture": "#1"},
				"west": {"uv": [12, 4, 14, 6], "texture": "#1"},
				"up": {"uv": [8, 14, 6, 12], "texture": "#1"},
				"down": {"uv": [14, 6, 12, 8], "texture": "#1"}
			}
		},
		{
			"from": [6.65, 18.5, 7],
			"to": [8.65, 21.5, 9],
			"rotation": {"angle": 45, "axis": "z", "origin": [7.65, 18.5, 8]},
			"faces": {
				"north": {"uv": [4, 0, 6, 3], "texture": "#1"},
				"east": {"uv": [4, 3, 6, 6], "texture": "#1"},
				"south": {"uv": [6, 0, 8, 3], "texture": "#1"},
				"west": {"uv": [6, 3, 8, 6], "texture": "#1"},
				"up": {"uv": [10, 14, 8, 12], "texture": "#1"},
				"down": {"uv": [14, 8, 12, 10], "texture": "#1"}
			}
		},
		{
			"from": [7, 18.5, 6.65],
			"to": [9, 21.5, 8.65],
			"rotation": {"angle": -45, "axis": "x", "origin": [8, 18.5, 7.65]},
			"faces": {
				"north": {"uv": [4, 6, 6, 9], "texture": "#1"},
				"east": {"uv": [6, 6, 8, 9], "texture": "#1"},
				"south": {"uv": [8, 0, 10, 3], "texture": "#1"},
				"west": {"uv": [8, 3, 10, 6], "texture": "#1"},
				"up": {"uv": [12, 14, 10, 12], "texture": "#1"},
				"down": {"uv": [14, 10, 12, 12], "texture": "#1"}
			}
		},
		{
			"from": [7, 18.5, 7.35],
			"to": [9, 21.5, 9.35],
			"rotation": {"angle": 45, "axis": "x", "origin": [8, 18.5, 8.35]},
			"faces": {
				"north": {"uv": [8, 6, 10, 9], "texture": "#1"},
				"east": {"uv": [4, 9, 6, 12], "texture": "#1"},
				"south": {"uv": [6, 9, 8, 12], "texture": "#1"},
				"west": {"uv": [8, 9, 10, 12], "texture": "#1"},
				"up": {"uv": [14, 14, 12, 12], "texture": "#1"},
				"down": {"uv": [16, 0, 14, 2], "texture": "#1"}
			}
		},
		{
			"from": [7.35, 18.5, 7],
			"to": [9.35, 21.5, 9],
			"rotation": {"angle": -45, "axis": "z", "origin": [8.35, 18.5, 8]},
			"faces": {
				"north": {"uv": [10, 0, 12, 3], "texture": "#1"},
				"east": {"uv": [10, 3, 12, 6], "texture": "#1"},
				"south": {"uv": [10, 6, 12, 9], "texture": "#1"},
				"west": {"uv": [10, 9, 12, 12], "texture": "#1"},
				"up": {"uv": [16, 4, 14, 2], "texture": "#1"},
				"down": {"uv": [6, 14, 4, 16], "texture": "#1"}
			}
		},
		{
			"from": [7, 22.5, 7],
			"to": [9, 24.5, 9],
			"rotation": {"angle": 45, "axis": "y", "origin": [8, 23.5, 8]},
			"faces": {
				"north": {"uv": [0.25, 0.25, 0.75, 0.75], "texture": "#2"},
				"east": {"uv": [1.25, 0.25, 1.75, 0.75], "texture": "#2"},
				"south": {"uv": [2.25, 0.25, 2.75, 0.75], "texture": "#2"},
				"west": {"uv": [3.25, 0.25, 3.75, 0.75], "texture": "#2"},
				"up": {"uv": [4.25, 0.25, 4.75, 0.75], "texture": "#2"},
				"down": {"uv": [5.25, 0.25, 5.75, 0.75], "texture": "#2"}
			}
		},
		{
			"name": "cube_outline",
			"from": [9.5, 25, 9.5],
			"to": [6.5, 22, 6.5],
			"rotation": {"angle": 45, "axis": "y", "origin": [8, 23.5, 8]},
			"faces": {
				"north": {"uv": [6.25, 0.25, 6.75, 0.75], "rotation": 180, "texture": "#2"},
				"east": {"uv": [7.25, 0.25, 7.75, 0.75], "rotation": 180, "texture": "#2"},
				"south": {"uv": [8.25, 0.25, 8.75, 0.75], "rotation": 180, "texture": "#2"},
				"west": {"uv": [9.25, 0.25, 9.75, 0.75], "rotation": 180, "texture": "#2"},
				"up": {"uv": [10.25, 0.25, 10.75, 0.75], "rotation": 180, "texture": "#2"},
				"down": {"uv": [11.25, 0.25, 11.75, 0.75], "rotation": 180, "texture": "#2"}
			}
		}
	],
	"display": {
		"thirdperson_righthand": {
			"translation": [0, 0, 1]
		},
		"thirdperson_lefthand": {
			"translation": [0, 0, 1]
		},
		"ground": {
			"translation": [0, 4, 0]
		},
		"gui": {
			"rotation": [0, 30, -30],
			"translation": [-1, -3, 0],
			"scale": [0.75, 0.75, 0.75]
		},
		"head": {
			"translation": [0, -9.25, 0],
			"scale": [1.6, 1.6, 1.6]
		}
	},
	"groups": [
		{
			"name": "wand",
			"origin": [8, 13, 8],
			"color": 0,
			"children": [
				0,
				1,
				2,
				3,
				4,
				5,
				{
					"name": "orb",
					"origin": [8, 13, 8],
					"color": 0,
					"children": [6, 7]
				}
			]
		}
	]
}