{
	"credit": "Made with Blockbench",
	"textures": {
		"1": "custom/weapons/greatsword"
	},
	"elements": [
		{
			"from": [7, -8, 7],
			"to": [9, -6, 9],
			"rotation": {"angle": 0, "axis": "y", "origin": [8, 0, 8]},
			"faces": {
				"north": {"uv": [3, 15, 4, 16], "texture": "#1"},
				"east": {"uv": [4, 15, 3, 16], "texture": "#1"},
				"south": {"uv": [3, 15, 4, 16], "texture": "#1"},
				"west": {"uv": [4, 15, 3, 16], "texture": "#1"},
				"up": {"uv": [4, 16, 3, 15], "texture": "#1"},
				"down": {"uv": [4, 16, 3, 15], "texture": "#1"}
			}
		},
		{
			"from": [4, 0, 7],
			"to": [12, 2, 9],
			"rotation": {"angle": 0, "axis": "y", "origin": [8, 0, 8]},
			"faces": {
				"north": {"uv": [0, 15, 4, 16], "texture": "#1"},
				"east": {"uv": [0, 15, 1, 16], "texture": "#1"},
				"south": {"uv": [4, 15, 0, 16], "texture": "#1"},
				"west": {"uv": [3, 15, 4, 16], "texture": "#1"},
				"up": {"uv": [4, 15, 0, 16], "texture": "#1"},
				"down": {"uv": [4, 16, 0, 15], "texture": "#1"}
			}
		},
		{
			"from": [5, 2, 7.25],
			"to": [11, 26, 8.75],
			"rotation": {"angle": 0, "axis": "y", "origin": [8, 0, 8]},
			"faces": {
				"north": {"uv": [13, 4, 16, 16], "texture": "#1"},
				"east": {"uv": [13, 4, 13.5, 16], "texture": "#1"},
				"south": {"uv": [16, 4, 13, 16], "texture": "#1"},
				"west": {"uv": [15.5, 4, 16, 16], "texture": "#1"},
				"up": {"uv": [13, 4, 16, 4.5], "texture": "#1"},
				"down": {"uv": [13, 15.5, 16, 16], "texture": "#1"}
			}
		},
		{
			"from": [24.24315, 16.25685, 7.26],
			"to": [28.49315, 20.50685, 8.74],
			"rotation": {"angle": 45, "axis": "z", "origin": [8, 0, 8]},
			"faces": {
				"north": {"uv": [13.5, 2.5, 16, 0], "texture": "#1"},
				"east": {"uv": [14, 0, 13.5, 2.5], "texture": "#1"},
				"south": {"uv": [16, 2.5, 13.5, 0], "texture": "#1"},
				"west": {"uv": [16, 2.5, 15.5, 0], "texture": "#1"},
				"up": {"uv": [16, 2.5, 13.5, 2], "texture": "#1"},
				"down": {"uv": [16, 0.5, 13.5, 0], "texture": "#1"}
			}
		},
		{
			"from": [6, -0.5, 7.01],
			"to": [10, 0, 8.99],
			"rotation": {"angle": 0, "axis": "y", "origin": [8, 0, 8]},
			"faces": {
				"north": {"uv": [3, 15.5, 1, 16], "texture": "#1"},
				"east": {"uv": [1, 15, 2, 15.5], "texture": "#1"},
				"south": {"uv": [1, 15.5, 3, 16], "texture": "#1"},
				"west": {"uv": [3, 15, 2, 15.5], "texture": "#1"},
				"up": {"uv": [1, 15, 3, 16], "texture": "#1"},
				"down": {"uv": [3, 16, 1, 15], "texture": "#1"}
			}
		},
		{
			"from": [7.25, -6, 7.25],
			"to": [8.75, 0, 8.75],
			"rotation": {"angle": 0, "axis": "y", "origin": [8, 0, 8]},
			"faces": {
				"north": {"uv": [1, 0, 0, 3.5], "texture": "#1"},
				"east": {"uv": [0, 0, 1, 3.5], "texture": "#1"},
				"south": {"uv": [1, 0, 0, 3.5], "texture": "#1"},
				"west": {"uv": [0, 0, 1, 3.5], "texture": "#1"},
				"up": {"uv": [0, 0, 1, 1], "texture": "#1"},
				"down": {"uv": [0, 1, 1, 0], "texture": "#1"}
			}
		}
	],
	"display": {
		"thirdperson_righthand": {
			"rotation": [0, 90, 0],
			"translation": [0, 9, 1]
		},
		"thirdperson_lefthand": {
			"rotation": [-125, 0, -30],
			"translation": [-9, -7.5, 9.5]
		},
		"firstperson_righthand": {
			"rotation": [0, 90, 10],
			"translation": [3, 7, 0],
			"scale": [0.75, 0.75, 0.75]
		},
		"firstperson_lefthand": {
			"rotation": [150, 45, 0],
			"translation": [-24, 5, 5]
		},
		"ground": {
			"rotation": [90, 0, 0],
			"translation": [0, -2.5, -3]
		},
		"gui": {
			"rotation": [0, 180, 45],
			"translation": [-1, -1, 0],
			"scale": [0.6, 0.6, 0.6]
		},
		"fixed": {
			"translation": [0, -6, -1],
			"scale": [2, 2, 2]
		}
	}
}