{
	"credit": "Made with Blockbench",
	"textures": {
		"1": "custom/weapons/hammer"
	},
	"elements": [
		{
			"from": [7.5, 0, 7.5],
			"to": [8.5, 8, 8.5],
			"rotation": {"angle": 45, "axis": "y", "origin": [8, 3.5, 8]},
			"faces": {
				"north": {"uv": [0, 6, 1, 14], "texture": "#1"},
				"east": {"uv": [6, 0, 7, 8], "texture": "#1"},
				"south": {"uv": [1, 6, 2, 14], "texture": "#1"},
				"west": {"uv": [2, 6, 3, 14], "texture": "#1"},
				"up": {"uv": [6, 7, 5, 6], "texture": "#1"},
				"down": {"uv": [6, 7, 5, 8], "texture": "#1"}
			}
		},
		{
			"from": [7, 7, 7],
			"to": [9, 9, 9],
			"rotation": {"angle": 45, "axis": "x", "origin": [8, 8, 8]},
			"faces": {
				"north": {"uv": [9, 6, 11, 8], "texture": "#1"},
				"east": {"uv": [7, 9, 9, 11], "texture": "#1"},
				"south": {"uv": [9, 8, 11, 10], "texture": "#1"},
				"west": {"uv": [9, 10, 11, 12], "texture": "#1"},
				"up": {"uv": [13, 2, 11, 0], "texture": "#1"},
				"down": {"uv": [13, 2, 11, 4], "texture": "#1"}
			}
		},
		{
			"from": [9, 6.5, 6.5],
			"to": [11, 9.5, 9.5],
			"rotation": {"angle": -45, "axis": "x", "origin": [10, 8, 8]},
			"faces": {
				"north": {"uv": [3, 6, 5, 9], "texture": "#1"},
				"east": {"uv": [0, 0, 3, 3], "texture": "#1"},
				"south": {"uv": [7, 0, 9, 3], "texture": "#1"},
				"west": {"uv": [0, 3, 3, 6], "texture": "#1"},
				"up": {"uv": [9, 6, 7, 3], "texture": "#1"},
				"down": {"uv": [9, 6, 7, 9], "texture": "#1"}
			}
		},
		{
			"from": [5, 6.5, 6.5],
			"to": [7, 9.5, 9.5],
			"rotation": {"angle": 45, "axis": "x", "origin": [6, 8, 8]},
			"faces": {
				"north": {"uv": [5, 8, 7, 11], "texture": "#1"},
				"east": {"uv": [3, 0, 6, 3], "texture": "#1"},
				"south": {"uv": [9, 0, 11, 3], "texture": "#1"},
				"west": {"uv": [3, 3, 6, 6], "texture": "#1"},
				"up": {"uv": [5, 12, 3, 9], "texture": "#1"},
				"down": {"uv": [11, 3, 9, 6], "texture": "#1"}
			}
		}
	],
	"display": {
		"thirdperson_righthand": {
			"rotation": [0, 90, 0],
			"translation": [0, 7.5, 0],
			"scale": [1.65, 1.65, 1.65]
		},
		"thirdperson_lefthand": {
			"rotation": [0, 90, 0],
			"translation": [0, 7.5, 0],
			"scale": [1.65, 1.65, 1.65]
		},
		"firstperson_righthand": {
			"rotation": [0, 91, -1],
			"translation": [0, 2.5, -5],
			"scale": [1.5, 1.5, 1.5]
		},
		"firstperson_lefthand": {
			"rotation": [0, 91, -1],
			"translation": [0, 2.5, -5],
			"scale": [1.5, 1.5, 1.5]
		},
		"gui": {
			"rotation": [0, 145, 28],
			"translation": [1.5, 3.25, 0],
			"scale": [1.5, 1.5, 1.5]
		}
	},
	"groups": [
		{
			"name": "hammer",
			"origin": [6, 8, 8],
			"color": 0,
			"children": [0, 1, 2, 3]
		}
	]
}