{
    "providers": [
        {
			"type": "bitmap",
			"file": "minecraft:font/coin.png",
			"ascent": 8,
			"height": 9,
			"chars": ["⛃"]
		},
		{
			"type": "bitmap",
			"file": "minecraft:font/1px.png",
			"ascent": 500,
			"height": 5000,
			"chars": ["▒"]
		},
		{
			"type": "bitmap",
			"file": "minecraft:font/ace.png",
			"ascent": 0,
			"height": 30,
			"chars": ["⭘"]
		},
		{
			"type": "bitmap",
			"file": "minecraft:font/buyphase.png",
			"ascent": 0,
			"height": 30,
			"chars": ["⛁"]
		}
    ]
}