{
	"credit": "Made with Blockbench",
	"texture_size": [64, 64],
	"textures": {
		"0": "custom/hats/wizard_hat",
		"particle": "custom/hats/wizard_hat"
	},
	"elements": [
		{
			"from": [2, 8, 2],
			"to": [14, 8, 14],
			"rotation": {"angle": 0, "axis": "y", "origin": [2, 8, 2]},
			"faces": {
				"north": {"uv": [0, 0, 3, 0], "texture": "#0"},
				"east": {"uv": [0, 0, 3, 0], "texture": "#0"},
				"south": {"uv": [0, 0, 3, 0], "texture": "#0"},
				"west": {"uv": [0, 0, 3, 0], "texture": "#0"},
				"up": {"uv": [3, 3, 0, 0], "texture": "#0"},
				"down": {"uv": [3, 3, 0, 6], "texture": "#0"}
			}
		},
		{
			"from": [14, 8, 2],
			"to": [16, 8, 14],
			"rotation": {"angle": 22.5, "axis": "z", "origin": [14, 8, 8]},
			"faces": {
				"north": {"uv": [0, 0, 0.5, 0], "texture": "#0"},
				"east": {"uv": [0, 0, 3, 0], "texture": "#0"},
				"south": {"uv": [0, 0, 0.5, 0], "texture": "#0"},
				"west": {"uv": [0, 0, 3, 0], "texture": "#0"},
				"up": {"uv": [3.5, 8.5, 3, 5.5], "texture": "#0"},
				"down": {"uv": [4, 5.5, 3.5, 8.5], "texture": "#0"}
			}
		},
		{
			"from": [2, 8, 0],
			"to": [14, 8, 2],
			"rotation": {"angle": 22.5, "axis": "x", "origin": [8, 8, 2]},
			"faces": {
				"north": {"uv": [0, 0, 3, 0], "texture": "#0"},
				"east": {"uv": [0, 0, 0.5, 0], "texture": "#0"},
				"south": {"uv": [0, 0, 3, 0], "texture": "#0"},
				"west": {"uv": [0, 0, 0.5, 0], "texture": "#0"},
				"up": {"uv": [7, 6, 4, 5.5], "texture": "#0"},
				"down": {"uv": [3, 6, 0, 6.5], "texture": "#0"}
			}
		},
		{
			"from": [2, 8, 14],
			"to": [14, 8, 16],
			"rotation": {"angle": -22.5, "axis": "x", "origin": [8, 8, 14]},
			"faces": {
				"north": {"uv": [0, 0, 3, 0], "texture": "#0"},
				"east": {"uv": [0, 0, 0.5, 0], "texture": "#0"},
				"south": {"uv": [0, 0, 3, 0], "texture": "#0"},
				"west": {"uv": [0, 0, 0.5, 0], "texture": "#0"},
				"up": {"uv": [7, 6.5, 4, 6], "texture": "#0"},
				"down": {"uv": [9, 4, 6, 4.5], "texture": "#0"}
			}
		},
		{
			"from": [0, 8, 2],
			"to": [2, 8, 14],
			"rotation": {"angle": -22.5, "axis": "z", "origin": [2, 8, 8]},
			"faces": {
				"north": {"uv": [0, 0, 0.5, 0], "texture": "#0"},
				"east": {"uv": [0, 0, 3, 0], "texture": "#0"},
				"south": {"uv": [0, 0, 0.5, 0], "texture": "#0"},
				"west": {"uv": [0, 0, 3, 0], "texture": "#0"},
				"up": {"uv": [0.5, 9.5, 0, 6.5], "texture": "#0"},
				"down": {"uv": [1, 6.5, 0.5, 9.5], "texture": "#0"}
			}
		},
		{
			"from": [4, 8, 4],
			"to": [12, 12, 12],
			"rotation": {"angle": 0, "axis": "y", "origin": [4, 8, 4]},
			"faces": {
				"north": {"uv": [5, 0, 7, 1], "texture": "#0"},
				"east": {"uv": [5, 1, 7, 2], "texture": "#0"},
				"south": {"uv": [5, 2, 7, 3], "texture": "#0"},
				"west": {"uv": [5, 3, 7, 4], "texture": "#0"},
				"up": {"uv": [5, 2, 3, 0], "texture": "#0"},
				"down": {"uv": [5, 2, 3, 4], "texture": "#0"}
			}
		},
		{
			"from": [5, 12, 5],
			"to": [11, 16, 11],
			"rotation": {"angle": 22.5, "axis": "x", "origin": [8, 12, 5]},
			"faces": {
				"north": {"uv": [6, 4.5, 7.5, 5.5], "texture": "#0"},
				"east": {"uv": [1, 6.5, 2.5, 7.5], "texture": "#0"},
				"south": {"uv": [4, 6.5, 5.5, 7.5], "texture": "#0"},
				"west": {"uv": [5.5, 6.5, 7, 7.5], "texture": "#0"},
				"up": {"uv": [4.5, 5.5, 3, 4], "texture": "#0"},
				"down": {"uv": [6, 4, 4.5, 5.5], "texture": "#0"}
			}
		},
		{
			"from": [6, 15.31283, 7.45461],
			"to": [10, 19.31283, 11.45461],
			"rotation": {"angle": 45, "axis": "x", "origin": [5, 15.31283, 7.45461]},
			"faces": {
				"north": {"uv": [7, 2, 8, 3], "texture": "#0"},
				"east": {"uv": [7, 3, 8, 4], "texture": "#0"},
				"south": {"uv": [7, 5.5, 8, 6.5], "texture": "#0"},
				"west": {"uv": [7, 6.5, 8, 7.5], "texture": "#0"},
				"up": {"uv": [2, 8.5, 1, 7.5], "texture": "#0"},
				"down": {"uv": [3, 7.5, 2, 8.5], "texture": "#0"}
			}
		},
		{
			"from": [7, 15.43416, 10.99015],
			"to": [9, 17.43416, 13.99015],
			"rotation": {"angle": -22.5, "axis": "x", "origin": [6, 17.43416, 10.99015]},
			"faces": {
				"north": {"uv": [7.5, 5, 8, 5.5], "texture": "#0"},
				"east": {"uv": [4, 7.5, 4.75, 8], "texture": "#0"},
				"south": {"uv": [5.25, 7.5, 5.75, 8], "texture": "#0"},
				"west": {"uv": [7.5, 4.5, 8.25, 5], "texture": "#0"},
				"up": {"uv": [3, 7.25, 2.5, 6.5], "texture": "#0"},
				"down": {"uv": [5.25, 7.5, 4.75, 8.25], "texture": "#0"}
			}
		},
		{
			"from": [8, 16.58221, 13.76179],
			"to": [8, 20.58221, 18.26179],
			"rotation": {"angle": 0, "axis": "y", "origin": [11, 22.09248, 27.52565]},
			"faces": {
				"north": {"uv": [0, 0, 0, 1], "texture": "#0"},
				"east": {"uv": [7, 0, 8.25, 1], "texture": "#0"},
				"south": {"uv": [0, 0, 0, 1], "texture": "#0"},
				"west": {"uv": [7, 1, 8.25, 2], "texture": "#0"},
				"up": {"uv": [0, 1.25, 0, 0], "texture": "#0"},
				"down": {"uv": [0, 0, 0, 1.25], "texture": "#0"}
			}
		}
	],
	"display": {
		"gui": {
			"rotation": [40, -155, 0],
			"translation": [0, -1.75, 0]
		},
		"head": {
			"rotation": [14, 0, 0],
			"translation": [0, 0.5, 0],
			"scale": [2, 2, 2]
		}
	},
	"groups": [
		{
			"name": "wizard_hat",
			"origin": [6, 9.43416, 10.99015],
			"color": 0,
			"children": [0, 1, 2, 3, 4, 5, 6, 7, 8, 9]
		}
	]
}