{
    "blend": {
        "func": "add",
        "srcrgb": "one",
        "dstrgb": "zero"
    },
    "vertex": "blit_util",
    "fragment": "depths",
    "attributes": [ "Position" ],
    "samplers": [
        { "name": "DiffuseSampler" },
        {"name": "ParticlesDepthSampler"},
        {"name": "TranslucentSampler"}
    ],
    "uniforms": [
        { "name": "ProjMat",    "type": "matrix4x4", "count": 16, "values": [ 1.0, 0.0, 0.0, 0.0, 0.0, 1.0, 0.0, 0.0, 0.0, 0.0, 1.0, 0.0, 0.0, 0.0, 0.0, 1.0 ] },
        { "name": "OutSize",    "type": "float",     "count": 2,  "values": [ 1.0, 1.0 ] },
        { "name": "InSize",     "type": "float",     "count": 2,  "values": [ 1.0, 1.0 ] },
        { "name": "ScreenSize", "type": "float",     "count": 2,  "values": [ 1.0, 1.0 ] },
        { "name": "_FOV",       "type": "float",     "count": 1,  "values": [ 70.0 ] }
    ]
}
