{
	"credit": "Made with Blockbench",
	"texture_size": [64, 64],
	"textures": {
		"2": "custom/other/burger",
		"particle": "custom/other/burger"
	},
	"elements": [
		{
			"name": "octagon",
			"from": [6.75736, 1, 5],
			"to": [9.24264, 2, 11],
			"rotation": {"angle": 22.5, "axis": "y", "origin": [8, 1.5, 8]},
			"faces": {
				"north": {"uv": [4.258, 7.758, 4.742, 7.992], "texture": "#2"},
				"east": {"uv": [3.008, 7.258, 4.492, 7.492], "texture": "#2"},
				"south": {"uv": [4.758, 7.758, 5.242, 7.992], "texture": "#2"},
				"west": {"uv": [7.258, 3.008, 8.742, 3.242], "texture": "#2"},
				"up": {"uv": [2.992, 7.492, 2.508, 6.008], "texture": "#2"},
				"down": {"uv": [6.492, 2.508, 6.008, 3.992], "texture": "#2"}
			}
		},
		{
			"name": "octagon",
			"from": [6.75736, 1, 5],
			"to": [9.24264, 2, 11],
			"rotation": {"angle": -22.5, "axis": "y", "origin": [8, 1.5, 8]},
			"faces": {
				"north": {"uv": [7.758, 4.758, 8.242, 4.992], "texture": "#2"},
				"east": {"uv": [7.258, 3.258, 8.742, 3.492], "texture": "#2"},
				"south": {"uv": [7.758, 5.008, 8.242, 5.242], "texture": "#2"},
				"west": {"uv": [7.258, 3.508, 8.742, 3.742], "texture": "#2"},
				"up": {"uv": [5.492, 7.492, 5.008, 6.008], "texture": "#2"},
				"down": {"uv": [5.992, 6.008, 5.508, 7.492], "texture": "#2"}
			}
		},
		{
			"name": "octagon",
			"from": [5, 1, 6.75736],
			"to": [11, 2, 9.24264],
			"rotation": {"angle": 22.5, "axis": "y", "origin": [8, 1.5, 8]},
			"faces": {
				"north": {"uv": [7.258, 3.758, 8.742, 3.992], "texture": "#2"},
				"east": {"uv": [5.258, 7.758, 5.742, 7.992], "texture": "#2"},
				"south": {"uv": [7.258, 4.008, 8.742, 4.242], "texture": "#2"},
				"west": {"uv": [7.758, 5.258, 8.242, 5.492], "texture": "#2"},
				"up": {"uv": [7.492, 6.492, 6.008, 6.008], "texture": "#2"},
				"down": {"uv": [1.492, 6.508, 0.008, 6.992], "texture": "#2"}
			}
		},
		{
			"name": "octagon",
			"from": [5, 1, 6.75736],
			"to": [11, 2, 9.24264],
			"rotation": {"angle": -22.5, "axis": "y", "origin": [8, 1.5, 8]},
			"faces": {
				"north": {"uv": [7.258, 4.258, 8.742, 4.492], "texture": "#2"},
				"east": {"uv": [7.758, 5.508, 8.242, 5.742], "texture": "#2"},
				"south": {"uv": [7.258, 4.508, 8.742, 4.742], "texture": "#2"},
				"west": {"uv": [5.758, 7.758, 6.242, 7.992], "texture": "#2"},
				"up": {"uv": [7.992, 2.992, 6.508, 2.508], "texture": "#2"},
				"down": {"uv": [4.492, 6.508, 3.008, 6.992], "texture": "#2"}
			}
		},
		{
			"name": "octagon",
			"from": [6.75736, 3, 5],
			"to": [9.24264, 5, 11],
			"rotation": {"angle": 0, "axis": "y", "origin": [8, 3.5, 8]},
			"faces": {
				"north": {"uv": [7.008, 7.258, 7.492, 7.742], "texture": "#2"},
				"east": {"uv": [5.008, 5.508, 6.492, 5.992], "texture": "#2"},
				"south": {"uv": [0.758, 7.508, 1.242, 7.992], "texture": "#2"},
				"west": {"uv": [0.008, 6.008, 1.492, 6.492], "texture": "#2"},
				"up": {"uv": [1.992, 7.492, 1.508, 6.008], "texture": "#2"},
				"down": {"uv": [2.492, 6.008, 2.008, 7.492], "texture": "#2"}
			}
		},
		{
			"name": "octagon",
			"from": [6.75736, 3, 5],
			"to": [9.24264, 5, 11],
			"rotation": {"angle": -45, "axis": "y", "origin": [8, 3.5, 8]},
			"faces": {
				"north": {"uv": [6.008, 7.258, 6.492, 7.742], "texture": "#2"},
				"east": {"uv": [5.508, 1.508, 6.992, 1.992], "texture": "#2"},
				"south": {"uv": [6.508, 7.258, 6.992, 7.742], "texture": "#2"},
				"west": {"uv": [5.508, 2.008, 6.992, 2.492], "texture": "#2"},
				"up": {"uv": [5.992, 3.992, 5.508, 2.508], "texture": "#2"},
				"down": {"uv": [4.992, 5.508, 4.508, 6.992], "texture": "#2"}
			}
		},
		{
			"name": "octagon",
			"from": [5, 3, 6.75736],
			"to": [11, 5, 9.24264],
			"rotation": {"angle": 0, "axis": "y", "origin": [8, 3.5, 8]},
			"faces": {
				"north": {"uv": [5.508, 0.008, 6.992, 0.492], "texture": "#2"},
				"east": {"uv": [7.258, 4.758, 7.742, 5.242], "texture": "#2"},
				"south": {"uv": [5.508, 0.508, 6.992, 0.992], "texture": "#2"},
				"west": {"uv": [7.258, 5.258, 7.742, 5.742], "texture": "#2"},
				"up": {"uv": [6.992, 1.492, 5.508, 1.008], "texture": "#2"},
				"down": {"uv": [2.992, 5.508, 1.508, 5.992], "texture": "#2"}
			}
		},
		{
			"name": "octagon",
			"from": [5, 3, 6.75736],
			"to": [11, 5, 9.24264],
			"rotation": {"angle": -45, "axis": "y", "origin": [8, 3.5, 8]},
			"faces": {
				"north": {"uv": [5.008, 4.008, 6.492, 4.492], "texture": "#2"},
				"east": {"uv": [0.758, 7.008, 1.242, 7.492], "texture": "#2"},
				"south": {"uv": [5.008, 4.508, 6.492, 4.992], "texture": "#2"},
				"west": {"uv": [4.508, 7.008, 4.992, 7.492], "texture": "#2"},
				"up": {"uv": [6.492, 5.492, 5.008, 5.008], "texture": "#2"},
				"down": {"uv": [1.492, 5.508, 0.008, 5.992], "texture": "#2"}
			}
		},
		{
			"name": "octagon",
			"from": [5, 5.001, 5],
			"to": [11, 5.001, 11],
			"rotation": {"angle": -45, "axis": "y", "origin": [8, 3.5, 8]},
			"faces": {
				"north": {"uv": [0.008, 0.008, 1.492, 0.008], "texture": "#2"},
				"east": {"uv": [0.008, 0.008, 1.492, 0.008], "texture": "#2"},
				"south": {"uv": [0.008, 0.008, 1.492, 0.008], "texture": "#2"},
				"west": {"uv": [0.008, 0.008, 1.492, 0.008], "texture": "#2"},
				"up": {"uv": [1.492, 5.492, 0.008, 4.008], "texture": "#2"},
				"down": {"uv": [5.492, 0.008, 4.008, 1.492], "texture": "#2"}
			}
		},
		{
			"name": "octagon",
			"from": [5, 0, 6.75736],
			"to": [11, 1, 9.24264],
			"rotation": {"angle": -45, "axis": "y", "origin": [8, 0.5, 8]},
			"faces": {
				"north": {"uv": [7.008, 0.758, 8.492, 0.992], "texture": "#2"},
				"east": {"uv": [7.758, 0.258, 8.242, 0.492], "texture": "#2"},
				"south": {"uv": [7.008, 1.008, 8.492, 1.242], "texture": "#2"},
				"west": {"uv": [7.758, 0.508, 8.242, 0.742], "texture": "#2"},
				"up": {"uv": [4.492, 4.492, 3.008, 4.008], "texture": "#2"},
				"down": {"uv": [5.492, 3.008, 4.008, 3.492], "texture": "#2"}
			}
		},
		{
			"name": "octagon",
			"from": [5, 0, 6.75736],
			"to": [11, 1, 9.24264],
			"rotation": {"angle": 0, "axis": "y", "origin": [8, 0.5, 8]},
			"faces": {
				"north": {"uv": [7.008, 1.258, 8.492, 1.492], "texture": "#2"},
				"east": {"uv": [1.258, 7.758, 1.742, 7.992], "texture": "#2"},
				"south": {"uv": [7.008, 1.508, 8.492, 1.742], "texture": "#2"},
				"west": {"uv": [1.758, 7.758, 2.242, 7.992], "texture": "#2"},
				"up": {"uv": [5.492, 3.992, 4.008, 3.508], "texture": "#2"},
				"down": {"uv": [4.492, 4.508, 3.008, 4.992], "texture": "#2"}
			}
		},
		{
			"name": "octagon",
			"from": [6.75736, 0, 5],
			"to": [9.24264, 1, 11],
			"rotation": {"angle": -45, "axis": "y", "origin": [8, 0.5, 8]},
			"faces": {
				"north": {"uv": [2.258, 7.758, 2.742, 7.992], "texture": "#2"},
				"east": {"uv": [7.008, 1.758, 8.492, 1.992], "texture": "#2"},
				"south": {"uv": [2.758, 7.758, 3.242, 7.992], "texture": "#2"},
				"west": {"uv": [7.008, 2.008, 8.492, 2.242], "texture": "#2"},
				"up": {"uv": [4.992, 5.492, 4.508, 4.008], "texture": "#2"},
				"down": {"uv": [3.492, 5.008, 3.008, 6.492], "texture": "#2"}
			}
		},
		{
			"name": "octagon",
			"from": [6.75736, 0, 5],
			"to": [9.24264, 1, 11],
			"rotation": {"angle": 0, "axis": "y", "origin": [8, 0.5, 8]},
			"faces": {
				"north": {"uv": [3.258, 7.758, 3.742, 7.992], "texture": "#2"},
				"east": {"uv": [7.008, 2.258, 8.492, 2.492], "texture": "#2"},
				"south": {"uv": [3.758, 7.758, 4.242, 7.992], "texture": "#2"},
				"west": {"uv": [3.008, 7.008, 4.492, 7.242], "texture": "#2"},
				"up": {"uv": [3.992, 6.492, 3.508, 5.008], "texture": "#2"},
				"down": {"uv": [4.492, 5.008, 4.008, 6.492], "texture": "#2"}
			}
		},
		{
			"from": [4, 1, 4],
			"to": [12, 1, 12],
			"rotation": {"angle": -22.5, "axis": "y", "origin": [8, 1, 8]},
			"faces": {
				"north": {"uv": [0.008, 0.008, 1.992, 0.008], "texture": "#2"},
				"east": {"uv": [0.008, 0.008, 1.992, 0.008], "texture": "#2"},
				"south": {"uv": [0.008, 0.008, 1.992, 0.008], "texture": "#2"},
				"west": {"uv": [0.008, 0.008, 1.992, 0.008], "texture": "#2"},
				"up": {"uv": [1.992, 1.992, 0.008, 0.008], "texture": "#2"},
				"down": {"uv": [1.992, 2.008, 0.008, 3.992], "texture": "#2"}
			}
		},
		{
			"from": [4, 3, 4],
			"to": [12, 3, 12],
			"rotation": {"angle": -45, "axis": "y", "origin": [8, 3, 8]},
			"faces": {
				"north": {"uv": [0.008, 0.008, 1.992, 0.008], "texture": "#2"},
				"east": {"uv": [0.008, 0.008, 1.992, 0.008], "texture": "#2"},
				"south": {"uv": [0.008, 0.008, 1.992, 0.008], "texture": "#2"},
				"west": {"uv": [0.008, 0.008, 1.992, 0.008], "texture": "#2"},
				"up": {"uv": [3.992, 1.992, 2.008, 0.008], "texture": "#2"},
				"down": {"uv": [3.992, 2.008, 2.008, 3.992], "texture": "#2"}
			}
		},
		{
			"from": [7.01219, 2, 7.97768],
			"to": [10.01219, 3, 10.97768],
			"rotation": {"angle": -22.5, "axis": "y", "origin": [8.15, 2.5, 7.95]},
			"faces": {
				"north": {"uv": [7.258, 5.758, 7.992, 5.992], "texture": "#2"},
				"east": {"uv": [1.258, 7.508, 1.992, 7.742], "texture": "#2"},
				"south": {"uv": [2.008, 7.508, 2.742, 7.742], "texture": "#2"},
				"west": {"uv": [2.758, 7.508, 3.492, 7.742], "texture": "#2"},
				"up": {"uv": [7.242, 3.742, 6.508, 3.008], "texture": "#2"},
				"down": {"uv": [7.242, 3.758, 6.508, 4.492], "texture": "#2"}
			}
		},
		{
			"from": [7.76288, 2, 7.08935],
			"to": [10.76288, 3, 10.08935],
			"rotation": {"angle": 22.5, "axis": "y", "origin": [7.85, 2.5, 7.95]},
			"faces": {
				"north": {"uv": [3.508, 7.508, 4.242, 7.742], "texture": "#2"},
				"east": {"uv": [4.258, 7.508, 4.992, 7.742], "texture": "#2"},
				"south": {"uv": [5.008, 7.508, 5.742, 7.742], "texture": "#2"},
				"west": {"uv": [7.508, 6.008, 8.242, 6.242], "texture": "#2"},
				"up": {"uv": [7.242, 5.242, 6.508, 4.508], "texture": "#2"},
				"down": {"uv": [7.242, 5.258, 6.508, 5.992], "texture": "#2"}
			}
		},
		{
			"from": [5.23712, 2, 7.08935],
			"to": [8.23712, 3, 10.08935],
			"rotation": {"angle": -22.5, "axis": "y", "origin": [8.15, 2.5, 7.95]},
			"faces": {
				"north": {"uv": [7.508, 7.258, 8.242, 7.492], "texture": "#2"},
				"east": {"uv": [7.508, 7.508, 8.242, 7.742], "texture": "#2"},
				"south": {"uv": [0.008, 7.758, 0.742, 7.992], "texture": "#2"},
				"west": {"uv": [7.758, 0.008, 8.492, 0.242], "texture": "#2"},
				"up": {"uv": [0.742, 7.742, 0.008, 7.008], "texture": "#2"},
				"down": {"uv": [7.742, 0.008, 7.008, 0.742], "texture": "#2"}
			}
		},
		{
			"from": [6.6, 2, 4.9],
			"to": [9.6, 3, 7.9],
			"rotation": {"angle": 0, "axis": "y", "origin": [8.15, 2.5, 7.95]},
			"faces": {
				"north": {"uv": [7.508, 6.258, 8.242, 6.492], "texture": "#2"},
				"east": {"uv": [7.508, 6.508, 8.242, 6.742], "texture": "#2"},
				"south": {"uv": [7.508, 6.758, 8.242, 6.992], "texture": "#2"},
				"west": {"uv": [7.508, 7.008, 8.242, 7.242], "texture": "#2"},
				"up": {"uv": [6.742, 7.242, 6.008, 6.508], "texture": "#2"},
				"down": {"uv": [7.492, 6.508, 6.758, 7.242], "texture": "#2"}
			}
		},
		{
			"from": [5, 2, 5],
			"to": [11, 2, 11],
			"rotation": {"angle": -45, "axis": "y", "origin": [8, 2, 8]},
			"faces": {
				"north": {"uv": [0.008, 0.008, 1.492, 0.008], "texture": "#2"},
				"east": {"uv": [0.008, 0.008, 1.492, 0.008], "texture": "#2"},
				"south": {"uv": [0.008, 0.008, 1.492, 0.008], "texture": "#2"},
				"west": {"uv": [0.008, 0.008, 1.492, 0.008], "texture": "#2"},
				"up": {"uv": [2.992, 5.492, 1.508, 4.008], "texture": "#2"},
				"down": {"uv": [5.492, 1.508, 4.008, 2.992], "texture": "#2"}
			}
		}
	],
	"display": {
		"thirdperson_righthand": {
			"translation": [0, 3.75, 0]
		},
		"thirdperson_lefthand": {
			"translation": [0, 3.75, 0]
		},
		"firstperson_righthand": {
			"translation": [0, 7, 0]
		},
		"firstperson_lefthand": {
			"translation": [0, 7, 0]
		},
		"gui": {
			"translation": [0, 7.5, 0],
			"scale": [1.4, 1.4, 1.4]
		}
	},
	"groups": [
		{
			"name": "octagon",
			"origin": [8, 8, 8],
			"color": 0,
			"children": [
				0,
				1,
				2,
				3,
				{
					"name": "group",
					"origin": [8, 4, 8],
					"color": 0,
					"children": [4, 5, 6, 7, 8]
				},
				9,
				10,
				11,
				12,
				13,
				14,
				{
					"name": "group",
					"origin": [8, 8, 8],
					"color": 0,
					"children": [15, 16, 17, 18]
				}
			]
		},
		19
	]
}